{
  "baselines": {
    "readiness": {
      "mean": 74.82222222222222,
      "median": 74.0,
      "std": 11.091628362208288
    },
    "sleep": {
      "mean": 78.91111111111111,
      "median": 78.0,
      "std": 10.130213397093947
    },
    "activity": {
      "mean": 75.72222222222223,
      "median": 78.0,
      "std": 11.221996635598687
    }
  },
  "anomalies_count": 6,
  "forecast": {
    "r2": 0.08362555780933068,
    "mae": 8.174444444444443
  }
}